name,category,source,lat,lon,wikidata_qid
Casa França-Brasil,cultural_center,overture,-22.900606155395508,-43.175724029541016,
Chácara do Céu,museum,overture,-22.91794776916504,-43.18294906616211,
Museu Casa do Pontal,museum,overture,-23.02385902404785,-43.510189056396484,
Museu de Arte do Rio (MAR),museum,overture,-22.896881103515625,-43.18177032470703,
Polo Praça XV,public_square,overture,-22.902820587158203,-43.174583435058594,
Praia de Botafogo,natural_landmark,wikidata,-22.94437,-43.1809,Q10352741
Praia de Copacabana,natural_landmark,wikidata,-22.970958,-43.181649,Q63894
Praia de Ipanema,natural_landmark,wikidata,-22.985,-43.205,Q3390838
Praia do Arpoador,natural_landmark,wikidata,-22.987222222222,-43.196388888889,Q22069130
Praia do Leblon,natural_landmark,wikidata,-22.98678,-43.2202,Q10353030
Instituto De Pesquisas Jardim Botânico Do Rio De Janeiro,natural_landmark,wikidata,-22.9675,-43.223889,Q45242
Sítio Roberto Burle Marx,natural_landmark,wikidata,-23.02385,-43.54474,Q56695607
Centro Cultural Banco do Brasil (Rio de Janeiro),cultural_center,wikidata,-22.90077607785679,-43.17643970730361,Q30939541
Centro Cultural Correios,cultural_center,overture,-22.90115737915039,-43.17589569091797,
Centro Cultural Fundição Progresso,cultural_center,overture,-22.912513732910156,-43.18024826049805,
Centro Cultural Municipal Parque das Ruínas,cultural_center,overture,-22.917470932006836,-43.18247985839844,
Feira de São Cristóvão,market,overture,-22.90729331970215,-43.22304153442383,
Instituto Moreira Salles (IMS Rio),cultural_center,wikidata,-22.98185,-43.23922,Q6041378
Paço Imperial,historic_site,overture,-22.90355110168457,-43.174312591552734,
Samba da Pedra do Sal,memorial,overture,-22.89789390563965,-43.185455322265625,
Biblioteca Nacional do Brasil,library,wikidata,-22.909723,-43.175501,Q948882
Casa de Rui Barbosa,museum,wikidata,-22.948753553,-43.187046216,Q61000992
Catedral Metropolitana de São Sebastião,church,wikidata,-22.910925,-43.180711,Q2411716
Convento de Santo Antônio,church,wikidata,-22.90725,-43.179138888,Q14947966
Estádio Jornalista Mário Filho,historic_site,wikidata,-22.912222222,-43.230277777,Q155174
Fortaleza de São João,historic_site,wikidata,-22.943372,-43.156458,Q5472516
Forte de Copacabana,historic_site,wikidata,-22.985833333,-43.185277777,Q5470982
Igreja da Candelária,church,wikidata,-22.900811111111,-43.177894444444,Q82312
Igreja da Glória do Outeiro,church,wikidata,-22.92144722,-43.17543333,Q10300392
Igreja da Ordem Terceira do Carmo,church,wikidata,-22.90309444,-43.17555833,Q10300293
Igreja de N. S. do Carmo (Antiga Sé),church,wikidata,-22.903333333333332,-43.175555555555555,Q2942273
Igreja de São Francisco da Penitência,church,wikidata,-22.90680164594349,-43.17912972690945,Q10300289
Igreja de São Francisco de Paula,church,wikidata,-22.905493,-43.180594,Q10300739
Lagoa Rodrigo de Freitas,natural_landmark,wikidata,-22.971111111,-43.211666666,Q429897
Morro Dois Irmãos,natural_landmark,wikidata,-22.9908,-43.2396,Q18476300
Mosteiro de São Bento,church,wikidata,-22.8970349,-43.178051,Q2820360
Palácio Tiradentes,historic_site,wikidata,-22.90387009,-43.173877,Q2048490
Palácio do Itamaraty,historic_site,wikidata,-22.902925,-43.18795,Q10344051
Parque Lage,public_square,wikidata,-22.9606,-43.212,Q7139641
Parque do Flamengo (Aterro),public_square,wikidata,-22.921,-43.17,Q5457206
Passeio Público,public_square,wikidata,-22.91379722,-43.17598611,Q7142572
Sambódromo da Marquês de Sapucaí,theater,wikidata,-22.911384,-43.196851,Q281521
Espaço Cultural Trem do Corcovado,historic_site,overture,-22.939891815185547,-43.2032585144043,
Museu Histórico Nacional,museum,overture,-22.905832290649414,-43.16965866088867,
Museu Histórico da Cidade RJ,museum,overture,-22.898433685302734,-43.34912109375,
Museu da República (Palácio do Catete),museum,overture,-22.925872802734375,-43.17620849609375,
Arcos Da Lapa - Vida Boemia Do Rio De Janeiro,historic_site,overture,-22.912952423095703,-43.18324661254883,
Boulevard Olímpico — Mural Etnias,public_square,wikidata,-22.89416667,-43.18722222,Q26234737
Cascatinha Taunay,natural_landmark,overture,-22.95877456665039,-43.27725601196289,
Comunidade do Vidigal,public_square,overture,-22.912322998046875,-43.183380126953125,
Confeitaria Colombo,historic_site,manual_curation,-22.9068,-43.1786,
Favela da Rocinha,public_square,overture,-22.983417510986328,-43.29302215576172,
Mirante Dona Marta,natural_landmark,overture,-22.944995880126953,-43.19641876220703,
Mirante da Praia Vermelha,natural_landmark,overture,-22.957441329956055,-43.16515350341797,
Mirante do Pão de Açúcar,natural_landmark,overture,-22.9495906829834,-43.1566276550293,
Morro da Urca,natural_landmark,overture,-22.950889587402344,-43.16376876831055,
Museu de Arte Contemporânea de Niterói (MAC),museum,overture,-22.907350540161133,-43.125770568847656,
Palacio da Ilha Fiscal,historic_site,overture,-22.812936782836914,-43.4066276550293,
Pedra da Gávea - Rio de Janeiro,natural_landmark,overture,-22.90637969970703,-43.60930633544922,
Praça Vista Chinesa,natural_landmark,overture,-22.926984786987305,-43.37602996826172,
Mam - Museu de Arte Moderna,museum,overture,-22.88981056213379,-43.27638626098633,
Praça General Osório (Feira Hippie),market,wikidata,-22.98515,-43.19811,Q10353299
AquaRio - Aquário Marinho do Rio,museum,wikidata,-22.893056,-43.192778,Q28679974
Espaço Cultural da Marinha,museum,overture,-22.894939422607422,-43.17383575439453,
Museu Nacional,museum,overture,-23.019765853881836,-43.46478271484375,
Museu Nacional de Belas Artes,museum,overture,-22.909351348876953,-43.17568588256836,
Museu da Imagem e do Som (MIS),museum,overture,-22.978595733642578,-43.18894958496094,
Museu de Favela MUF,museum,overture,-22.981935501098633,-43.197540283203125,
Museu do Amanhã,museum,wikidata,-22.89413,-43.1794,Q10333874
Planetário da Gávea,museum,wikidata,-22.9783,-43.23028,Q10350276
Cidade das artes,theater,overture,-22.99777603149414,-43.365028381347656,
Circo Voador,theater,wikidata,-22.912833333333,-43.180361111111,Q21857414
Theatro Municipal,theater,overture,-22.90835952758789,-43.17729187011719,
Museu das Telecomunicações,museum,overture,-22.929960250854492,-43.176513671875,
Museu de Imagens do Inconsciente,museum,overture,-22.903488159179688,-43.301368713378906,
Museu do Açude,museum,overture,-22.964826583862305,-43.2820930480957,
Centro Cultural Cartola,cultural_center,overture,-22.901554107666016,-43.2408561706543,
Centro Cultural José Bonifácio,cultural_center,overture,-22.896223068237305,-43.194278717041016,
Centro Cultural Justiça Federal,cultural_center,overture,-22.910539627075195,-43.17530822753906,
Centro Cultural Light,cultural_center,overture,-22.90272331237793,-43.187095642089844,
Centro Cultural da Policia Militar,cultural_center,overture,-22.909130096435547,-43.19478988647461,
Centro Luiz Gonzaga de Tradições Nordestinas,cultural_center,overture,-22.89764976501465,-43.220314025878906,
Fundição Progresso,theater,overture,-22.912487030029297,-43.18055725097656,
Imperator - Centro Cultural João Nogueira,cultural_center,overture,-22.902711868286133,-43.28200149536133,
Memorial Getúlio Vargas,memorial,overture,-22.921648025512695,-43.173519134521484,
Aqueduto da Colônia Juliano Moreira,memorial,wikidata,-22.936277648,-43.399737187,Q104907381
Aterro do Flamengo,public_square,wikidata,-22.921,-43.17,Q5457206
Avenida Rio Branco,public_square,wikidata,-22.90472222,-43.1775,Q4828121
Bebedouro da Estrada Velha da Tijuca,historic_site,wikidata,-22.952029507,-43.262078825,Q67204058
Bica da Rainha,historic_site,wikidata,-22.94078,-43.197006,Q48862982
Capela Nossa Senhora da Cabeça Rio de Janeiro,church,wikidata,-22.960962,-43.22087,Q30935277
Casa da Marquesa de Santos,historic_site,wikidata,-22.90458,-43.217068,Q10333920
Casa da Moeda do Brasil,historic_site,wikidata,-22.90649,-43.190782,Q5047900
Casa das Canoas,historic_site,wikidata,-22.985902,-43.272883,Q6816788
Casa do Bispo,historic_site,wikidata,-22.926067,-43.210271,Q55608773
Chafariz Paulo Fernandes,historic_site,wikidata,-22.9115308,-43.1945616,Q67210687
Chafariz da Glória,historic_site,wikidata,-22.9184257,-43.1771039,Q67203826
Chafariz das Saracuras,historic_site,wikidata,-22.985160762,-43.197794625,Q67203719
Chafariz de Grandjean de Montigny,historic_site,wikidata,-22.961668055,-43.273318888,Q67203459
Chafariz do Lagarto,historic_site,wikidata,-22.9120252,-43.1952142,Q67204031
Coleção Geyer,museum,wikidata,-22.94099,-43.205175,Q25419064
Colégio Militar do Rio de Janeiro,university,wikidata,-22.91691,-43.226343,Q18473983
Colégio Pedro II,university,wikidata,-22.9017223,-43.184904,Q1113098
Convento de Santa Teresa,church,wikidata,-22.915529,-43.180453,Q18482673
Convento do Carmo,church,wikidata,-22.903371,-43.175553,Q4902626
Copacabana Palace,historic_site,wikidata,-22.96726,-43.17874,Q2637352
Cristo Redentor,monument,wikidata,-22.951915648,-43.210464122,Q79961
Edifício ''A Noite'',historic_site,wikidata,-22.8973,-43.181,Q5338058
Edifício Docas de Santos,historic_site,wikidata,-22.900569,-43.179598,Q69363749
Edifício Gustavo Capanema,historic_site,wikidata,-22.9092,-43.17382778,Q2598551
Escola Nacional de Belas Artes,university,wikidata,-22.908769444,-43.175705555,Q55439919
Estação Central do Brasil,historic_site,wikidata,-22.903413888,-43.191444444,Q1274003
Estação Ferroviária Leopoldina - Barão de Mauá,memorial,wikidata,-22.907711078,-43.210454321,Q69363079
Estação Leopoldina,memorial,wikidata,-22.90766242,-43.21057088,Q10275936
Estátua equestre de Dom Pedro I,monument,wikidata,-22.906954,-43.182824,Q18476242
Fazenda da Taquara,historic_site,wikidata,-22.922226662,-43.382882804,Q136421907
Fazenda do Engenho d’ Água,historic_site,wikidata,-22.955095,-43.356234,Q104907313
Fortaleza de Nossa Senhora da Conceição (Rio de Janeiro),historic_site,wikidata,-22.899226,-43.183768,Q10283627
Fortaleza de São José da Ilha das Cobras,historic_site,wikidata,-22.896382,-43.17114,Q10283639
Forte de São Tiago,memorial,wikidata,-22.905908333,-43.169522222,Q10284072
Fortim de Caetano Madeira,historic_site,wikidata,-22.8965,-43.2596,Q10284228
Hospital Escola São Francisco de Assis,historic_site,wikidata,-22.90907,-43.201393,Q10298377
Igreja Positivista do Brasil,church,wikidata,-22.92058,-43.17938,Q10300201
Igreja de Nossa Senhora da Ajuda (Ilha do Governador),church,wikidata,-22.79332,-43.170516,Q10300340
Igreja de Nossa Senhora da Candelária,church,wikidata,-22.900811111,-43.177894444,Q82312
Igreja de Nossa Senhora da Conceição e Boa Morte,church,wikidata,-22.903021,-43.178751,Q10300378
Igreja de Nossa Senhora da Glória do Outeiro,church,wikidata,-22.92144722,-43.17543333,Q10300392
Igreja de Nossa Senhora da Lapa dos Mercadores,church,wikidata,-22.90221,-43.1752,Q10300403
Igreja de Nossa Senhora da Pena,church,wikidata,-22.941587,-43.3483199,Q104904890
Igreja de Nossa Senhora da Saúde,church,wikidata,-22.893746,-43.191477,Q104853267
Igreja do Santíssimo Sacramento da Antiga Sé,church,wikidata,-22.90458,-43.182841,Q10300936
Igreja de Nossa Senhora do Bonsucesso,church,wikidata,-22.906467,-43.170585,Q10300498
Igreja de Nossa Senhora do Carmo,church,wikidata,-22.903333333,-43.175555555,Q2942273
Igreja de Nossa Senhora do Carmo da Lapa do Desterro,church,wikidata,-22.914592,-43.177707,Q96586968
Igreja de Nossa Senhora do Rosário e São Benedito (Rio de Janeiro),church,wikidata,-22.90416,-43.180492,Q10300555
Igreja de Santa Cruz dos Militares,church,wikidata,-22.902158,-43.175682,Q10300620
Igreja de São Francisco da Prainha,church,wikidata,-22.897811,-43.183628,Q48862348
Igreja do Bom Jesus da Coluna,church,wikidata,-22.859478,-43.2123,Q56641219
Jardim Botânico do Rio de Janeiro,natural_landmark,wikidata,-22.9675,-43.223889,Q45242
Jardim e Morro do Valongo,university,wikidata,-22.898558,-43.186426,Q56641218
Ladeira da Misericórdia,public_square,wikidata,-22.906195,-43.17027,Q10315482
Monumento aos Mortos da Segunda Guerra Mundial,monument,wikidata,-22.91666667,-43.17361111,Q2017454
Morro da Babilônia,natural_landmark,wikidata,-22.96,-43.17055556,Q6914185
Morro do Corcovado,natural_landmark,wikidata,-22.9525,-43.211666666,Q506938
Observatório Nacional,university,wikidata,-22.8958759,-43.2249755,Q6621362
Palácio Guanabara,historic_site,wikidata,-22.9375,-43.18388889,Q3813706
Palácio da Conceição,historic_site,wikidata,-22.89964,-43.182697,Q10343988
Palácio das Laranjeiras,historic_site,wikidata,-22.93143,-43.183562,Q10343955
Parque Nacional da Tijuca,natural_landmark,wikidata,-22.959444444,-43.277777777,Q1974494
Pavilhão Mourisco,historic_site,wikidata,-22.8749473,-43.2454285,Q84971371
Praça XV de Novembro,public_square,wikidata,-22.903,-43.173694444,Q10353359
Quinta da Boa Vista,museum,wikidata,-22.9058,-43.2244,Q2500590
Santa Casa de Misericórdia do Rio de Janeiro,historic_site,wikidata,-22.907521,-43.171143,Q10367749
Santuário de Santa Rita de Cássia,church,wikidata,-22.900376,-43.18066,Q10300658
Solar Grandjean de Montigny,museum,wikidata,-22.979022,-43.233756,Q18485129
Universidade Federal do Rio de Janeiro,university,wikidata,-22.8625,-43.223888888,Q586904
Instituto Histórico e Geográfico Brasileiro,library,overture,-22.914628982543945,-43.176570892333984,
Instituto de Pesquisa e Memória Pretos Novos (IPN),memorial,overture,-22.89597511291504,-43.192909240722656,
Military Museum Conde de Linhares,museum,overture,-22.904897689819336,-43.21927261352539,
Museu Histórico e Diplomático,museum,overture,-22.90346908569336,-43.18833541870117,
Museu do Negro,museum,overture,-22.90431022644043,-43.18052291870117,
Museu do Trem,museum,overture,-22.895246505737305,-43.291805267333984,
Museu do Índio,museum,overture,-22.95186424255371,-43.191062927246094,
Palácio do Catete,historic_site,overture,-22.925893783569336,-43.17620086669922,
Submarino-Museu Riachuelo S-22,museum,overture,-22.900468826293945,-43.174644470214844,
Acueducto Carioca,historic_site,overture,-22.91259765625,-43.17985153198242,
Apoteose,public_square,overture,-22.913070678710938,-43.19578170776367,
Aqueduto da Carioca,historic_site,overture,-22.91259765625,-43.17985153198242,
Baianas da Estação Primeira de Mangueira,samba_school,overture,-22.903520584106445,-43.240596771240234,
Cais do Valongo,memorial,overture,-22.896648406982422,-43.187171936035156,
Castelo Mourisco,historic_site,overture,-22.87491226196289,-43.24536895751953,
Centro de Tradições Nordestinas Luiz Gonzaga,cultural_center,overture,-22.897462844848633,-43.220375061035156,
Cidade Universitária da UFRJ,university,overture,-22.853055953979492,-43.225833892822266,
Clube Naval,historic_site,overture,-22.908180236816406,-43.176673889160156,
Estatua Equestre de D. Pedro I,monument,overture,-22.906986236572266,-43.18304443359375,
Largo do Machado Station,public_square,overture,-22.93090057373047,-43.178306579589844,
"Marechal Hermes, Rio de Janeiro",historic_site,overture,-22.861948013305664,-43.37083435058594,
Mirante do Valongo,natural_landmark,overture,-22.898914337158203,-43.187049865722656,
Obelisco da Avenida Rio Branco,monument,overture,-22.9127140045166,-43.1747932434082,
Pala'cio - Parque Lage,public_square,overture,-22.96018409729004,-43.21217346191406,
Paço de São Cristóvão,historic_site,overture,-22.905723571777344,-43.22689437866211,
Portao Historico da Fortaleza de Sao Joao,historic_site,overture,-22.943544387817383,-43.157020568847656,
Sambódromo Setor 10-11-12-13,theater,overture,-22.91203498840332,-43.19681167602539,
Selaron Steps,public_square,overture,-22.9155330657959,-43.179656982421875,
Vista Chinesa,natural_landmark,overture,-22.9732666015625,-43.249473571777344,
Museu de Arte Moderna do Rio de Janeiro,museum,overture,-22.913673400878906,-43.1718635559082,
Estátua de Carlos Drummond de Andrade,monument,overture,-22.98435401916504,-43.18916702270508,
Etnias - Mural de Graffiti,historic_site,overture,-22.894336700439453,-43.18714904785156,
Monumento Nacional aos Mortos da Segunda Guerra Mundial,memorial,overture,-22.916582107543945,-43.173397064208984,
Monumento Retirada da Laguna,monument,overture,-22.954940795898438,-43.165870666503906,
Monumento ao Almirante Barroso Barao do Amazonas,monument,overture,-22.91851806640625,-43.1759147644043,
Monumento ao Barão de Mauá,monument,overture,-22.89607048034668,-43.18097686767578,
Monumento ao Senador Pinheiro Machado,monument,overture,-22.984315872192383,-43.20597457885742,
Monumento aos Pracinhas,memorial,overture,-22.916580200195312,-43.17390823364258,
Pedra da Gávea,natural_landmark,overture,-22.99786949157715,-43.284732818603516,
Arquivo histórico do Banco do Brasil,cultural_center,overture,-22.901046752929688,-43.1765251159668,
Casa Brasil,cultural_center,overture,-22.90060806274414,-43.17620849609375,
Casa Museu Eva Klabin,museum,overture,-22.976009368896484,-43.19844436645508,
Casa de Banho de Dom Joao VI,museum,overture,-22.87873649597168,-43.21189880371094,
Centro Nacional de Flocore e Cultura Popular,cultural_center,overture,-22.926292419433594,-43.17646408081055,
Fondation Moreira Sales,cultural_center,overture,-22.98186492919922,-43.2393684387207,
Fundação Casa de Rui Barbosa,museum,overture,-22.948928833007812,-43.18698501586914,
Memorial Pretos Novos,memorial,overture,-22.896039962768555,-43.1929817199707,
Museo Militar Copacabana,museum,overture,-22.985713958740234,-43.185054779052734,
Museu Carmen Miranda,museum,overture,-22.941368103027344,-43.17216110229492,
Museu Casa de Benjamin Constant,museum,overture,-22.92045021057129,-43.18826675415039,
Museu Judaico do Rio de Janeiro,cultural_center,overture,-22.90955924987793,-43.17481231689453,
Museu Light da Energia,cultural_center,overture,-22.90252685546875,-43.187068939208984,
Museu Naval,museum,overture,-22.903940200805664,-43.172977447509766,
Museu Penitenciário,museum,overture,-22.915241241455078,-43.199832916259766,
Museu Villa-Lobos,museum,overture,-22.95186424255371,-43.190582275390625,
Museu da Geodiversidade,museum,overture,-22.857337951660156,-43.23231506347656,
Museu da Ii Guerra Mundial,monument,overture,-22.916513442993164,-43.174041748046875,
Museu de Luiz Gonzaga,cultural_center,overture,-22.897497177124023,-43.22040939331055,
Museu do Planetário,museum,overture,-22.978300094604492,-43.230281829833984,
Palácio Episcopal da Conceição,historic_site,overture,-22.899534225463867,-43.18285369873047,
Panteão Duque de Caxias,historic_site,overture,-22.903614044189453,-43.18916702270508,
Solar de Grandjean de Montigny,museum,overture,-22.979021072387695,-43.23373031616211,
Canecão | Rio de Janeiro RJ,theater,overture,-22.956003189086914,-43.17757034301758,
Cidade do Samba RJ,samba_school,overture,-22.89571762084961,-43.19755554199219,
Cordão da Bola Preta,samba_school,overture,-22.910236358642578,-43.18332290649414,
D.R.I EAV Parque Lage,university,overture,-22.960180282592773,-43.212284088134766,
Palácio Maçônico do Lavradio,historic_site,overture,-22.910512924194336,-43.18281173706055,
Teatro Justiça,cultural_center,overture,-22.910429000854492,-43.17558288574219,
Lago do Campo de Santana,public_square,wikidata,-22.9075885,-43.188024,Q67205544
"Vasco da Gama, Rio de Janeiro",public_square,overture,-22.891944885253906,-43.22694778442383,
Palácio de são cristóvão,museum,overture,-22.905834197998047,-43.22444534301758,
Fazenda Imperial de Santa Cruz,historic_site,overture,-22.910003662109375,-43.685306549072266,
Museu de Sitio Arqueologico da Antiga Se,church,overture,-22.903898239135742,-43.17581558227539,
"Christ Redeemer, Rio de Janeiro, Brazil",monument,overture,-22.95165252685547,-43.210838317871094,
National Museum of Brazil,museum,overture,-22.905765533447266,-43.22652816772461,
Fort Copacabana,museum,overture,-22.986177444458008,-43.1865348815918,
Museu do paço,cultural_center,overture,-22.902894973754883,-43.173309326171875,
Sugarloaf Mountain,natural_landmark,overture,-22.949750900268555,-43.15623474121094,
Centro Cultural Benjamin Peret,cultural_center,overture,-22.91719627380371,-43.17892074584961,
Centro Cultural Itaporã,cultural_center,overture,-22.920541763305664,-43.21086120605469,
Centro Cultural Oduvaldo Viana Filho,cultural_center,overture,-22.930269241333008,-43.17458724975586,
Centro Cultural Prof Dila,cultural_center,overture,-22.896940231323242,-43.354469299316406,
Centro Cultural Sindicato dos Rodoviários do Município do Rio de Janeiro,cultural_center,overture,-22.89963722229004,-43.18770217895508,
Espaço Cultural Arlindo Cruz,cultural_center,overture,-22.874351501464844,-43.42841339111328,
Espaço Cultural Escola Sesc,cultural_center,overture,-22.96029281616211,-43.359230041503906,
Fórum de Ciência e Cultura da UFRJ,cultural_center,overture,-22.942842483520508,-43.174720764160156,
GRES União da Ilha do Governador,samba_school,overture,-22.813766479492188,-43.188899993896484,
Lona Cultural Terra Caetano Veloso,cultural_center,overture,-22.839969635009766,-43.37852478027344,
MAAS Museu Arquidiocesano de Arte Sacra do Rio de Janeiro,museum,overture,-22.910724639892578,-43.18042755126953,
Museu de Bangu,museum,overture,-22.878812789916992,-43.46345901489258,
Pequena África,historic_site,overture,-22.89813232421875,-43.18748474121094,
Praça Inhangá Copacabana,natural_landmark,overture,-22.966018676757812,-43.18147277832031,
Quinta da Boa Vista - Museu Nacional,museum,overture,-22.926443099975586,-43.2158317565918,
Rua do Catete,historic_site,wikidata,-22.92592,-43.176251,Q10365024
Teatro do Liceu,theater,overture,-22.907245635986328,-43.193138122558594,
edifício-sede da Associação Brasileira de Imprensa,historic_site,wikidata,-22.90915,-43.17484,Q18275922
Escadaria Selarón,monument,wikidata,-22.915406,-43.179414,Q2200939
