id,name,lat,lon,scope
overture:Acueducto Carioca:-22.91260:-43.17985,Acueducto Carioca,-22.91259765625,-43.17985153198242,CULTURAL
overture:Alfa Barra Resort & Services:-23.00969:-43.36879,Alfa Barra Resort & Services,-23.009693145751957,-43.36878967285156,NOISE
overture:Amarelinho:-22.82423:-43.33832,Amarelinho,-22.82423210144043,-43.33831787109375,NOISE
overture:Antiga Casa do Sitio do Picapau Amarelo:-23.04592:-43.55410,Antiga Casa do Sitio do Picapau Amarelo,-23.045921325683597,-43.55409622192383,CULTURAL
overture:Aqueduct Taquara:-22.93625:-43.39985,Aqueduct Taquara,-22.93624687194824,-43.39985275268555,CULTURAL
overture:Aqueduto da Carioca:-22.91260:-43.17985,Aqueduto da Carioca,-22.91259765625,-43.17985153198242,CULTURAL
overture:Arcos da Lapa:-22.91285:-43.17978,Arcos da Lapa,-22.9128532409668,-43.179779052734375,CULTURAL
overture:Armazem da Utopia:-22.89419:-43.19883,Armazem da Utopia,-22.894193649291992,-43.19882583618164,CULTURAL
overture:Arroio Tindiba:-22.93262:-43.36539,Arroio Tindiba,-22.9326229095459,-43.36539077758789,NATURAL
overture:Asé Carmelita:-22.87307:-43.57642,Asé Carmelita,-22.87306785583496,-43.576419830322266,NOISE
overture:Bosque Dos Esquilos:-22.96207:-43.33475,Bosque Dos Esquilos,-22.962066650390625,-43.334747314453125,NATURAL
overture:Bosque da Boiúna:-22.91417:-43.39582,Bosque da Boiúna,-22.914167404174805,-43.39582061767578,NATURAL
overture:Bosque dos Bandeirantes:-23.00510:-43.50887,Bosque dos Bandeirantes,-23.005096435546875,-43.50886535644531,NATURAL
overture:Bosque dos Buritis:-22.93735:-43.24649,Bosque dos Buritis,-22.937353134155277,-43.24648666381836,NATURAL
overture:Buraco do Lume:-22.90612:-43.17620,Buraco do Lume,-22.906118392944336,-43.17620468139648,NATURAL
"overture:Cachoeira Anil,rj:-22.88140:-43.43755","Cachoeira Anil,rj",-22.881404876708984,-43.43754959106445,NATURAL
overture:Cachoeira Da Mazomba:-22.84525:-43.76049,Cachoeira Da Mazomba,-22.84524917602539,-43.7604866027832,NATURAL
overture:Cachoeira Indiana Jones:-23.01663:-43.46807,Cachoeira Indiana Jones,-23.01663017272949,-43.46807098388672,NATURAL
"overture:Cachoeira Véu de Noiva, Vila de Maringa, Itatiaia, RJ:-22.92786:-43.35540","Cachoeira Véu de Noiva, Vila de Maringa, Itatiaia, RJ",-22.92786026000977,-43.35539627075195,NATURAL
overture:Cachoeira das Fadas-Minas Gerais:-22.95680:-43.17728,Cachoeira das Fadas-Minas Gerais,-22.956796646118164,-43.177276611328125,NATURAL
overture:Caminho dos Pescadores:-22.96348:-43.16468,Caminho dos Pescadores,-22.963476181030277,-43.164676666259766,NATURAL
overture:Campo de Sao Joao:-23.04862:-43.55834,Campo de Sao Joao,-23.04861640930176,-43.5583381652832,NOISE
overture:Canal Cação Vermelho:-22.90222:-43.69191,Canal Cação Vermelho,-22.902223587036133,-43.69191360473633,NATURAL
overture:Canal Faria-Timbó:-22.87880:-43.25071,Canal Faria-Timbó,-22.878803253173828,-43.25071334838867,NATURAL
overture:Canal Gruçai:-22.83657:-43.27370,Canal Gruçai,-22.836570739746094,-43.27370071411133,NATURAL
overture:Canal Marapendi:-23.00000:-43.31667,Canal Marapendi,-23.0,-43.316673278808594,NATURAL
overture:Canal de Sarapuí:-22.82750:-43.45278,Canal de Sarapuí,-22.827503204345703,-43.452781677246094,NATURAL
overture:Canal do Guandu:-22.86667:-43.68333,Canal do Guandu,-22.866670608520508,-43.68333053588867,NATURAL
overture:Canal do Mangue:-22.89732:-43.21064,Canal do Mangue,-22.89732360839844,-43.21064376831055,CULTURAL
overture:Capela de Santa Bárbara:-22.93829:-43.13165,Capela de Santa Bárbara,-22.93828582763672,-43.131649017333984,CULTURAL
overture:Casa do Oleiro:-22.76213:-43.42940,Casa do Oleiro,-22.762134552001957,-43.42940139770508,NOISE
overture:Catete Palace:-22.92588:-43.17620,Catete Palace,-22.925878524780277,-43.17620086669922,CULTURAL
overture:Centro de Tradições Nordestinas Luiz Gonzaga:-22.89746:-43.22038,Centro de Tradições Nordestinas Luiz Gonzaga,-22.897462844848636,-43.22037506103516,CULTURAL
overture:Chalé do Alto:-22.96402:-43.27631,Chalé do Alto,-22.96402359008789,-43.27631378173828,NOISE
overture:Chalé do Sal:-22.93050:-43.18996,Chalé do Sal,-22.930503845214844,-43.1899642944336,NOISE
overture:Chácara Froes:-22.91351:-43.10960,Chácara Froes,-22.91351318359375,-43.10960006713867,NOISE
overture:Chácara da Freguesia:-22.94434:-43.33445,Chácara da Freguesia,-22.944339752197266,-43.33444595336914,NOISE
overture:Chácara do Abaeté:-22.90250:-43.11543,Chácara do Abaeté,-22.902502059936523,-43.11543273925781,NOISE
overture:Chácara do Itaguaí:-22.89673:-43.10253,Chácara do Itaguaí,-22.896732330322266,-43.10253143310547,NOISE
overture:Cidade Universitária da UFRJ:-22.85306:-43.22583,Cidade Universitária da UFRJ,-22.85305595397949,-43.225833892822266,CULTURAL
overture:Claris Casa & Clube:-23.01392:-43.44058,Claris Casa & Clube,-23.013916015625,-43.44058227539063,NOISE
overture:Clube Militar:-22.95633:-43.16476,Clube Militar,-22.95632553100586,-43.16476058959961,CULTURAL
overture:Clube Naval:-22.90818:-43.17667,Clube Naval,-22.908180236816406,-43.17667388916016,CULTURAL
overture:Clube dos marambaias:-23.05920:-43.56100,Clube dos marambaias,-23.059200286865234,-43.56100463867188,NOISE
overture:Cocotá - Ilha Do Governador:-22.80269:-43.18229,Cocotá - Ilha Do Governador,-22.80268859863281,-43.18228530883789,NOISE
overture:Copa do Rei:-22.85650:-43.35308,Copa do Rei,-22.85650062561035,-43.35307693481445,NOISE
overture:Coqueirinho:-22.77786:-43.32941,Coqueirinho,-22.77786445617676,-43.32940673828125,NOISE
overture:Coqueirão:-22.98709:-43.20627,Coqueirão,-22.987085342407227,-43.20627212524414,NOISE
overture:Coreto de Sepetiba Rj:-22.97089:-43.70963,Coreto de Sepetiba Rj,-22.97089385986328,-43.70962905883789,CULTURAL
overture:Costão do Grumari:-23.05495:-43.53920,Costão do Grumari,-23.054950714111328,-43.53920364379883,NATURAL
overture:Covanca:-22.91579:-43.34472,Covanca,-22.915786743164062,-43.3447151184082,NOISE
overture:Cruzada de são Sebastião:-22.98184:-43.21619,Cruzada de são Sebastião,-22.981840133666992,-43.216190338134766,CULTURAL
overture:Cruzeiro do Sul (Mesquita):-22.77855:-43.42863,Cruzeiro do Sul (Mesquita),-22.778553009033203,-43.42862701416016,CULTURAL
overture:D&A Areia de Quartzo:-22.91368:-43.54753,D&A Areia de Quartzo,-22.913684844970703,-43.54753112792969,NOISE
overture:Da Prata:-22.76113:-43.41917,Da Prata,-22.761125564575195,-43.419166564941406,NOISE
overture:Deck Aterro Flamengo:-22.93574:-43.17002,Deck Aterro Flamengo,-22.935739517211918,-43.17002487182617,CULTURAL
overture:Elevato Bonsucesso:-22.86728:-43.27173,Elevato Bonsucesso,-22.86727523803711,-43.271732330322266,NOISE
overture:Engenho Da Rainha:-22.87232:-43.29607,Engenho Da Rainha,-22.8723201751709,-43.29606628417969,CULTURAL
overture:Escada de Acesso ao Morro da Conceicao:-22.89747:-43.18117,Escada de Acesso ao Morro da Conceicao,-22.897470474243164,-43.18117141723633,CULTURAL
overture:Escadaria da Marechal Mascarenhas de Morais:-22.96413:-43.18336,Escadaria da Marechal Mascarenhas de Morais,-22.964126586914062,-43.1833610534668,CULTURAL
overture:Espaço São Clemente:-22.94971:-43.18829,Espaço São Clemente,-22.94971466064453,-43.18829345703125,CULTURAL
overture:Espigao do Méier:-22.90310:-43.28281,Espigao do Méier,-22.90310478210449,-43.28281021118164,NOISE
overture:Esqueleto Hotel Panorama:-22.85466:-43.39014,Esqueleto Hotel Panorama,-22.854660034179688,-43.39013671875,NOISE
overture:Estação Flamengo:-22.93409:-43.17604,Estação Flamengo,-22.9340934753418,-43.17604064941406,NOISE
overture:Estação Jardim de Alah:-22.99250:-43.25499,Estação Jardim de Alah,-22.99250030517578,-43.2549934387207,NOISE
overture:Estação Teleférica:-22.86741:-43.25516,Estação Teleférica,-22.867412567138672,-43.255157470703125,NOISE
overture:Euzébio Flamengo:-22.93734:-43.17529,Euzébio Flamengo,-22.937339782714844,-43.175289154052734,NOISE
overture:Ex-Combatentes:-22.88534:-43.25185,Ex-Combatentes,-22.88534164428711,-43.25185012817383,NOISE
overture:Favela da Barão:-22.89976:-43.35134,Favela da Barão,-22.899763107299805,-43.351341247558594,NOISE
overture:Fazenda Atlântica:-22.89548:-43.57759,Fazenda Atlântica,-22.895477294921875,-43.57758712768555,NOISE
overture:Fazenda Imperial de Santa Cruz:-22.91000:-43.68531,Fazenda Imperial de Santa Cruz,-22.91000366210937,-43.685306549072266,CULTURAL
overture:Fonte Wallace:-22.96992:-43.22438,Fonte Wallace,-22.969919204711918,-43.22438049316406,CULTURAL
overture:Fort Copacabana:-22.98618:-43.18653,Fort Copacabana,-22.986177444458008,-43.1865348815918,CULTURAL
"overture:Fortaleza De Sao João, Urca:-22.83379:-43.31466","Fortaleza De Sao João, Urca",-22.83379173278809,-43.31465911865234,CULTURAL
overture:Forte de Boa Viagem:-22.90933:-43.13053,Forte de Boa Viagem,-22.909330368041992,-43.13053131103516,CULTURAL
overture:Furnas da Tijuca:-22.97455:-43.28665,Furnas da Tijuca,-22.974552154541016,-43.28664779663086,NATURAL
overture:Gabinete Real:-22.90527:-43.17251,Gabinete Real,-22.9052734375,-43.17251205444336,CULTURAL
overture:Galeão:-22.81166:-43.22783,Galeão,-22.81166076660156,-43.22782516479492,NOISE
overture:Garganta do Grumari:-23.04844:-43.54990,Garganta do Grumari,-23.04844093322754,-43.549896240234375,NATURAL
overture:General José de San Martín:-22.97543:-43.19789,General José de San Martín,-22.97542953491211,-43.19789123535156,CULTURAL
overture:Gragoatá Bay:-22.90107:-43.13302,Gragoatá Bay,-22.901065826416016,-43.13302230834961,NATURAL
overture:Gruta Karl Glasl:-22.96879:-43.22527,Gruta Karl Glasl,-22.968788146972656,-43.22527313232422,NATURAL
overture:Ibrahim Sued Statue:-22.96881:-43.18029,Ibrahim Sued Statue,-22.968812942504883,-43.1802864074707,CULTURAL
overture:Ilha Da Trindade:-22.86453:-43.30235,Ilha Da Trindade,-22.86453437805176,-43.302345275878906,NATURAL
"overture:Ilha Das Flores - São Gonçalo, RJ:-22.85003:-43.10205","Ilha Das Flores - São Gonçalo, RJ",-22.85003089904785,-43.102046966552734,NATURAL
overture:Ipanema Copa Posto 6:-22.98404:-43.19390,Ipanema Copa Posto 6,-22.98403549194336,-43.19390106201172,NATURAL
overture:Irmandade do Corte:-22.78434:-43.37456,Irmandade do Corte,-22.78434181213379,-43.37456130981445,NOISE
overture:Itabirito (Urubu):-22.88047:-43.30432,Itabirito (Urubu),-22.88047218322754,-43.304317474365234,NATURAL
overture:Itanhaga:-22.98646:-43.30999,Itanhaga,-22.986461639404297,-43.30999374389648,NOISE
overture:Itaperu:-22.92243:-43.19656,Itaperu,-22.922426223754883,-43.19655990600586,NOISE
overture:Jacare na Praça da Concórdia:-22.88461:-43.25657,Jacare na Praça da Concórdia,-22.884605407714844,-43.25656509399414,CULTURAL
overture:Jardim de Alah:-22.98355:-43.21624,Jardim de Alah,-22.98354721069336,-43.21623611450195,NATURAL
overture:Ladeira Dos Tabajaras:-22.96518:-43.18890,Ladeira Dos Tabajaras,-22.96517944335937,-43.18889999389648,CULTURAL
overture:Laje dos Balbinot:-22.93861:-43.33563,Laje dos Balbinot,-22.938608169555664,-43.33562850952149,NATURAL
overture:Lapa de Irajá:-22.81827:-43.33324,Lapa de Irajá,-22.818267822265625,-43.33324432373047,NATURAL
overture:Largo Alexandre Herculano:-22.90582:-43.18209,Largo Alexandre Herculano,-22.90581512451172,-43.18209457397461,CULTURAL
overture:Largo Do Remi:-22.92876:-43.39281,Largo Do Remi,-22.92876434326172,-43.3928108215332,CULTURAL
overture:Largo de Itararé:-22.85652:-43.26671,Largo de Itararé,-22.85651588439941,-43.26670837402344,CULTURAL
overture:Largo do Machado Station:-22.93090:-43.17831,Largo do Machado Station,-22.93090057373047,-43.17830657958984,CULTURAL
overture:Largo dos Palácios:-22.95124:-43.19397,Largo dos Palácios,-22.95124244689941,-43.193965911865234,CULTURAL
overture:Manoel Leitao:-22.91894:-43.21540,Manoel Leitao,-22.918943405151367,-43.21539688110352,NOISE
overture:Mansão Boa Vista:-22.96005:-43.27124,Mansão Boa Vista,-22.960054397583008,-43.27123641967773,CULTURAL
overture:Mansão de Pedra Guedes:-22.83639:-43.31983,Mansão de Pedra Guedes,-22.836389541625977,-43.31982803344727,CULTURAL
overture:Marquês de valença:-22.92118:-43.22574,Marquês de valença,-22.92117500305176,-43.22573852539063,NOISE
overture:Mazzetti:-22.86252:-43.30518,Mazzetti,-22.862520217895508,-43.30517578125,NOISE
overture:Mendanha:-22.85416:-43.53953,Mendanha,-22.854156494140625,-43.53953170776367,NATURAL
overture:Mesa do Imperado:-22.96851:-43.25685,Mesa do Imperado,-22.968505859375,-43.25685119628906,NATURAL
overture:Minha:-22.86238:-43.78281,Minha,-22.86237907409668,-43.782806396484375,NOISE
overture:Mirante Do Ttk:-22.92429:-43.18169,Mirante Do Ttk,-22.924293518066406,-43.18169021606445,NATURAL
overture:Mirante Jackson de Figueiredo:-23.00865:-43.28787,Mirante Jackson de Figueiredo,-23.00864791870117,-43.287872314453125,NATURAL
overture:Mirante Livingstone Rezende:-22.81879:-43.20559,Mirante Livingstone Rezende,-22.81879234313965,-43.2055892944336,NATURAL
overture:Mirante Sétimo Céu:-22.98915:-43.22905,Mirante Sétimo Céu,-22.989154815673828,-43.22904968261719,NATURAL
overture:Mirante da Imprensa:-22.96904:-43.22513,Mirante da Imprensa,-22.969038009643555,-43.225128173828125,NATURAL
overture:Mirante da Praia da Joatinga:-23.01493:-43.28840,Mirante da Praia da Joatinga,-23.014928817749023,-43.28839874267578,NATURAL
overture:Mirante da bt:-22.83556:-43.28728,Mirante da bt,-22.83555793762207,-43.28727722167969,NATURAL
overture:Mirante de Boa Viagem:-22.90583:-43.12501,Mirante de Boa Viagem,-22.905834197998047,-43.1250114440918,NATURAL
overture:Mirante do Caete:-22.98485:-43.27874,Mirante do Caete,-22.984851837158203,-43.27873611450195,NATURAL
overture:Mirante do Excelsior:-22.94243:-43.27275,Mirante do Excelsior,-22.942432403564453,-43.27275085449219,NATURAL
overture:Mirante do Leblon:-22.98967:-43.22740,Mirante do Leblon,-22.989673614501957,-43.22739791870117,NATURAL
overture:Mirante do Leme:-22.96257:-43.16579,Mirante do Leme,-22.962566375732425,-43.165794372558594,NATURAL
overture:Mirante do Morro da Cruz:-22.76779:-43.11370,Mirante do Morro da Cruz,-22.767791748046875,-43.11370086669922,NATURAL
overture:Mirante do Pavão:-22.97929:-43.19313,Mirante do Pavão,-22.979291915893555,-43.1931266784668,NATURAL
overture:Mirante do Pontal:-23.03419:-43.49143,Mirante do Pontal,-23.0341911315918,-43.491432189941406,NATURAL
overture:Mirante do Rato Molhado:-22.92379:-43.18671,Mirante do Rato Molhado,-22.92378807067871,-43.18670654296875,NATURAL
overture:Mirante do Rio Grande:-22.92023:-43.39856,Mirante do Rio Grande,-22.92023086547852,-43.398563385009766,NATURAL
overture:Mirante do Roncador:-23.03787:-43.49949,Mirante do Roncador,-23.03787422180176,-43.499488830566406,NATURAL
overture:Moinho Fluminense:-22.89627:-43.19144,Moinho Fluminense,-22.896270751953125,-43.191436767578125,CULTURAL
overture:Monte Horebe em Mesquita RJ:-22.84855:-43.32082,Monte Horebe em Mesquita RJ,-22.84854888916016,-43.3208236694336,CULTURAL
overture:Morro Do Embaixador:-22.77518:-43.33804,Morro Do Embaixador,-22.775184631347656,-43.338035583496094,NATURAL
overture:Morro Do Familia:-22.90691:-43.30569,Morro Do Familia,-22.906911849975582,-43.30569076538086,NATURAL
overture:Morro Do Joá - Rio De Janeiro:-22.96138:-43.20719,Morro Do Joá - Rio De Janeiro,-22.96138000488281,-43.20719146728516,NATURAL
overture:Morro Pau da Bandeira:-22.91416:-43.25778,Morro Pau da Bandeira,-22.914161682128903,-43.25778198242188,NATURAL
overture:Morro Santo Amaro:-22.92361:-43.18056,Morro Santo Amaro,-22.92361068725586,-43.18056488037109,NATURAL
overture:Morro da Boa Vista São Lourenço Niterói:-22.88695:-43.11089,Morro da Boa Vista São Lourenço Niterói,-22.886947631835938,-43.11088943481445,NATURAL
overture:Morro da Cachoeirinha:-22.91972:-43.27778,Morro da Cachoeirinha,-22.919723510742188,-43.27777862548828,NATURAL
overture:Morro da Eno:-22.82360:-43.31138,Morro da Eno,-22.823598861694336,-43.31137847900391,NATURAL
overture:Morro da Mangueira:-22.90389:-43.23695,Morro da Mangueira,-22.903892517089844,-43.23694610595703,NATURAL
overture:Morro da Quinta do Caju:-22.87437:-43.21205,Morro da Quinta do Caju,-22.874366760253903,-43.2120475769043,NATURAL
overture:Morro de São Lourenço:-22.88747:-43.11008,Morro de São Lourenço,-22.887466430664062,-43.11008071899414,NATURAL
overture:Morro do Inglês:-22.94223:-43.20334,Morro do Inglês,-22.942228317260746,-43.20333862304688,NATURAL
overture:Morro do Pica Pau:-22.98366:-43.31216,Morro do Pica Pau,-22.98366355895996,-43.31216049194336,NATURAL
overture:Morro do Pico:-22.93130:-43.12339,Morro do Pico,-22.931299209594727,-43.12339019775391,NATURAL
overture:Morro do Pontal de Sernambetiba:-23.03417:-43.47010,Morro do Pontal de Sernambetiba,-23.03417015075684,-43.470096588134766,NATURAL
overture:Morro do Vintém:-22.89834:-43.26640,Morro do Vintém,-22.898338317871094,-43.266395568847656,NATURAL
overture:Morro dos Caboclos:-22.95167:-43.51751,Morro dos Caboclos,-22.951669692993164,-43.51750946044922,NATURAL
overture:Murals in the Lapa district:-22.91511:-43.17903,Murals in the Lapa district,-22.915111541748047,-43.17902755737305,CULTURAL
overture:Murdock House:-22.89293:-43.56692,Murdock House,-22.89292907714844,-43.5669174194336,NOISE
overture:Murinho da Urca:-22.93523:-43.17519,Murinho da Urca,-22.93523406982422,-43.17519378662109,NATURAL
overture:Márcio Alto Aratanha:-22.91245:-43.56863,Márcio Alto Aratanha,-22.91245460510254,-43.56863021850586,NOISE
overture:NOVO CCHCS:-22.83728:-43.32843,NOVO CCHCS,-22.8372802734375,-43.328426361083984,NOISE
overture:Nau da Barra:-22.99765:-43.37819,Nau da Barra,-22.99764633178711,-43.37818908691406,CULTURAL
overture:Nau dos Descobrimentos:-22.90502:-43.16987,Nau dos Descobrimentos,-22.905017852783203,-43.16987228393555,CULTURAL
overture:Nova CCPL:-22.89126:-43.24746,Nova CCPL,-22.891263961791992,-43.24745941162109,NOISE
overture:O`Sullivan House:-22.87353:-43.41301,O`Sullivan House,-22.87352752685547,-43.41301345825195,NOISE
overture:Obelisco da Avenida Rio Branco:-22.91271:-43.17479,Obelisco da Avenida Rio Branco,-22.9127140045166,-43.1747932434082,CULTURAL
overture:PEDRA De Guaratba:-22.99120:-43.62716,PEDRA De Guaratba,-22.99120330810547,-43.62716293334961,NATURAL
overture:PNR1 ESAO:-22.86172:-43.39312,PNR1 ESAO,-22.861722946166992,-43.39311981201172,NOISE
overture:Painel Etnias:-22.89513:-43.18488,Painel Etnias,-22.895132064819336,-43.18487930297852,CULTURAL
overture:Palacete Princesa Isabel:-22.92320:-43.69316,Palacete Princesa Isabel,-22.92320442199707,-43.69315719604492,CULTURAL
"overture:Palmas, Ilha Grande:-22.97177:-43.19020","Palmas, Ilha Grande",-22.971773147583008,-43.1901969909668,NOISE
overture:Palmeira Imperial:-22.96955:-43.22469,Palmeira Imperial,-22.96954917907715,-43.22468566894531,NATURAL
overture:Palmeiras da Penha:-22.83789:-43.27642,Palmeiras da Penha,-22.83788681030273,-43.27642440795898,NATURAL
overture:Palácio Arariboia:-22.89449:-43.12125,Palácio Arariboia,-22.89448547363281,-43.12125396728516,CULTURAL
overture:Palácio Vigia:-22.90127:-43.17642,Palácio Vigia,-22.90126609802246,-43.17641830444336,CULTURAL
overture:Pan De Azucar:-22.95456:-43.16706,Pan De Azucar,-22.95456314086914,-43.16706085205078,NATURAL
overture:Parcão Tijuca:-22.93152:-43.24376,Parcão Tijuca,-22.93152236938477,-43.24375534057617,NATURAL
overture:Parque Anchieta:-22.83030:-43.41767,Parque Anchieta,-22.83029556274414,-43.41767120361328,CULTURAL
overture:Parque Bondinho:-22.95553:-43.16701,Parque Bondinho,-22.955530166625977,-43.16700744628906,NATURAL
overture:Parque Coqueiros:-22.97472:-43.49840,Parque Coqueiros,-22.97472381591797,-43.4984016418457,NATURAL
overture:Parque Natural Municipal do Gericinó:-22.81271:-43.41616,Parque Natural Municipal do Gericinó,-22.812705993652344,-43.41615676879883,NATURAL
overture:Parque Roma:-22.91414:-43.55687,Parque Roma,-22.914140701293945,-43.5568733215332,NATURAL
overture:Parque São Pedro:-22.86471:-43.46309,Parque São Pedro,-22.86471366882324,-43.46309280395508,NATURAL
overture:Parque das Ruínas:-22.91780:-43.18232,Parque das Ruínas,-22.917797088623047,-43.182315826416016,CULTURAL
overture:Parque dos Sonhos:-22.76287:-43.48895,Parque dos Sonhos,-22.76287078857422,-43.48894500732422,NATURAL
overture:Passarela Do 314:-22.99766:-43.23947,Passarela Do 314,-22.997663497924805,-43.23947143554688,NOISE
overture:Passarela GAGa:-22.96792:-43.17902,Passarela GAGa,-22.967920303344727,-43.17901992797852,NOISE
overture:Pau Grande:-22.83569:-43.28513,Pau Grande,-22.835691452026367,-43.28512573242188,NOISE
overture:Paço Real:-22.90393:-43.22131,Paço Real,-22.903932571411133,-43.22130584716797,CULTURAL
overture:Paço de São Cristóvão:-22.90572:-43.22689,Paço de São Cristóvão,-22.905723571777344,-43.22689437866211,CULTURAL
overture:Pedra Aguda:-22.98463:-43.27684,Pedra Aguda,-22.9846305847168,-43.27684020996094,NATURAL
overture:Pedra Negra:-22.95888:-43.41417,Pedra Negra,-22.958881378173828,-43.41416549682617,NATURAL
overture:Pedra da Babilônia:-22.91917:-43.22806,Pedra da Babilônia,-22.919166564941406,-43.228057861328125,NATURAL
overture:Pedra da Macumba:-23.03202:-43.48052,Pedra da Macumba,-23.032020568847656,-43.48051834106445,NATURAL
overture:Pedra da Onça:-22.78923:-43.16149,Pedra da Onça,-22.78923225402832,-43.16149139404297,NATURAL
overture:Pedra da Proa:-22.96410:-43.25652,Pedra da Proa,-22.964099884033203,-43.25651931762695,NATURAL
overture:Pedra da Tartaruga:-23.07331:-43.55126,Pedra da Tartaruga,-23.07331275939941,-43.5512580871582,NATURAL
overture:Pedra de Itapuca:-22.90514:-43.12016,Pedra de Itapuca,-22.90513801574707,-43.120155334472656,NATURAL
overture:Pedra de Itapuã:-23.03223:-43.48084,Pedra de Itapuã,-23.032230377197266,-43.48084259033203,NATURAL
overture:Pedra de São Francisco:-22.94250:-43.31861,Pedra de São Francisco,-22.942502975463867,-43.3186149597168,NATURAL
overture:Pedra do Índio:-22.90503:-43.11832,Pedra do Índio,-22.905027389526367,-43.11832427978516,NATURAL
overture:Pena Turquesa:-22.95144:-43.19173,Pena Turquesa,-22.95144271850586,-43.19172668457031,NOISE
overture:Penhasco 2 irmãos:-22.98867:-43.23173,Penhasco 2 irmãos,-22.98866844177246,-43.231727600097656,NATURAL
overture:Pereira pinto:-22.86435:-43.29929,Pereira pinto,-22.86435317993164,-43.29928588867188,NOISE
overture:Perrottão:-22.90023:-43.56181,Perrottão,-22.900230407714844,-43.56180953979492,NATURAL
overture:Pier da barra:-23.01310:-43.29637,Pier da barra,-23.01309967041016,-43.29637145996094,NOISE
overture:Polo Novo Rio Antigo:-22.90826:-43.18393,Polo Novo Rio Antigo,-22.90826416015625,-43.18393325805664,CULTURAL
overture:Pombal - Niterói:-22.87412:-43.10709,Pombal - Niterói,-22.874120712280277,-43.10708999633789,CULTURAL
overture:Pombal Da Prata:-22.76303:-43.41161,Pombal Da Prata,-22.76302719116211,-43.41161346435547,CULTURAL
overture:Pombal De Marechal Hermes:-22.86439:-43.36879,Pombal De Marechal Hermes,-22.864389419555664,-43.36879348754883,CULTURAL
overture:Pombal De Santa Eugênia:-22.75081:-43.45712,Pombal De Santa Eugênia,-22.750810623168945,-43.45711517333984,CULTURAL
overture:Pombal Vila Isabel:-22.91016:-43.24479,Pombal Vila Isabel,-22.910160064697266,-43.24478530883789,CULTURAL
overture:Pombal do ibc:-22.75030:-43.44413,Pombal do ibc,-22.750301361083984,-43.444129943847656,CULTURAL
overture:Ponta Zé Mundongo:-22.95000:-43.11668,Ponta Zé Mundongo,-22.950000762939453,-43.116676330566406,NATURAL
overture:Ponta da Joatinga:-23.01648:-43.29596,Ponta da Joatinga,-23.016475677490234,-43.29595947265625,NATURAL
overture:Ponta da Mãe Maria:-22.81667:-43.26667,Ponta da Mãe Maria,-22.816673278808597,-43.26667022705078,NATURAL
overture:Ponta de Irajá:-22.81667:-43.28334,Ponta de Irajá,-22.816673278808597,-43.2833366394043,NATURAL
overture:Ponta de Santa Cruz:-22.93779:-43.13525,Ponta de Santa Cruz,-22.93779182434082,-43.13524627685547,NATURAL
overture:Ponta de Tubiacanga:-22.78439:-43.22998,Ponta de Tubiacanga,-22.784393310546875,-43.22998046875,NATURAL
overture:Ponta do Catalão:-22.84859:-43.22184,Ponta do Catalão,-22.84859085083008,-43.22183609008789,NATURAL
overture:Ponta do Tiro:-22.81107:-43.17662,Ponta do Tiro,-22.81106948852539,-43.17662048339844,NATURAL
overture:Portao Historico da Fortaleza de Sao Joao:-22.94354:-43.15702,Portao Historico da Fortaleza de Sao Joao,-22.943544387817383,-43.157020568847656,CULTURAL
overture:Porto Maravilha:-22.89715:-43.20277,Porto Maravilha,-22.897151947021484,-43.2027702331543,CULTURAL
overture:Porto Olímpico:-22.85656:-43.38353,Porto Olímpico,-22.856557846069336,-43.3835334777832,CULTURAL
overture:Praca Espanha:-22.98361:-43.21342,Praca Espanha,-22.98360824584961,-43.21342468261719,CULTURAL
overture:Praca Luiz La Saigne:-22.92127:-43.23530,Praca Luiz La Saigne,-22.92126846313477,-43.23530197143555,CULTURAL
overture:Praia da Macumba:-23.03227:-43.48467,Praia da Macumba,-23.03227424621582,-43.48467254638672,NATURAL
overture:Praia do Recreio:-23.01556:-43.41251,Praia do Recreio,-23.015560150146484,-43.412506103515625,NATURAL
overture:Praça Antônio Amado:-22.84611:-43.36438,Praça Antônio Amado,-22.84611320495605,-43.364383697509766,CULTURAL
overture:Praça Barra Bonita - Recreio:-22.88624:-43.37001,Praça Barra Bonita - Recreio,-22.886240005493164,-43.3700065612793,CULTURAL
overture:Praça Chale:-22.96655:-43.41473,Praça Chale,-22.966550827026367,-43.41473007202149,CULTURAL
overture:Praça Compositor Ismael Silva:-22.91309:-43.20256,Praça Compositor Ismael Silva,-22.913087844848636,-43.20256423950195,CULTURAL
"overture:Praça Da Apoteose, Vila São Luiz:-22.77729:-43.29299","Praça Da Apoteose, Vila São Luiz",-22.77728843688965,-43.2929916381836,CULTURAL
overture:Praça Da Rodo:-22.89695:-43.36942,Praça Da Rodo,-22.89694595336914,-43.36941909790039,CULTURAL
overture:Praça Doutor Roberto Em Morro da Mibeira Catumbi:-22.91800:-43.20005,Praça Doutor Roberto Em Morro da Mibeira Catumbi,-22.91800117492676,-43.20005035400391,CULTURAL
overture:Praça Jardim Vista Alegre:-22.83109:-43.31381,Praça Jardim Vista Alegre,-22.831085205078125,-43.313812255859375,CULTURAL
overture:Praça Marechal Âncora:-23.00314:-43.39334,Praça Marechal Âncora,-23.003143310546875,-43.393341064453125,CULTURAL
overture:Praça Olavo Bilac:-22.90348:-43.17994,Praça Olavo Bilac,-22.90347671508789,-43.179935455322266,CULTURAL
"overture:Praça Parada Modelo, Guapimirim:-22.90866:-43.16962","Praça Parada Modelo, Guapimirim",-22.908660888671875,-43.16961669921875,CULTURAL
overture:Praça Quincas Borba:-22.89028:-43.38562,Praça Quincas Borba,-22.890283584594727,-43.3856201171875,CULTURAL
overture:Praça Sans Penã Tijuca:-22.90474:-43.30188,Praça Sans Penã Tijuca,-22.90474319458008,-43.301876068115234,CULTURAL
overture:Praça São Salvador:-22.93660:-43.17743,Praça São Salvador,-22.936595916748047,-43.177433013916016,CULTURAL
overture:Praça da Boa Vista Santa Cruz:-22.92183:-43.69109,Praça da Boa Vista Santa Cruz,-22.921825408935547,-43.69108963012695,CULTURAL
overture:Praça da Vila Sāo Luiz:-22.77440:-43.29626,Praça da Vila Sāo Luiz,-22.77440452575684,-43.2962646484375,CULTURAL
overture:Praça do Brizolinha:-22.94445:-43.38548,Praça do Brizolinha,-22.94445037841797,-43.38547897338867,CULTURAL
overture:Praça do Country:-22.82648:-43.28630,Praça do Country,-22.82648277282715,-43.28629684448242,CULTURAL
overture:Praça do Coutry - Brás de Pina:-22.82366:-43.28691,Praça do Coutry - Brás de Pina,-22.82366180419922,-43.28691101074219,CULTURAL
overture:Praça do Eucalipto:-22.82845:-43.28601,Praça do Eucalipto,-22.828453063964844,-43.28600692749024,CULTURAL
overture:Praça dos Expedicionários:-22.90522:-43.17142,Praça dos Expedicionários,-22.905221939086918,-43.171424865722656,CULTURAL
overture:Prédio onde morou Renato Russo:-22.98179:-43.20839,Prédio onde morou Renato Russo,-22.98179244995117,-43.20838928222656,CULTURAL
overture:Píer da Pedra de Guaratiba:-23.00189:-43.64221,Píer da Pedra de Guaratiba,-23.001893997192383,-43.6422119140625,NOISE
overture:Quebra-Coco:-22.81357:-43.20931,Quebra-Coco,-22.81356811523437,-43.20930862426758,NOISE
overture:Rancho PAIOL:-22.97899:-43.68959,Rancho PAIOL,-22.978988647460938,-43.68959426879883,NOISE
overture:Raro Palacete Art Déco:-22.94629:-43.18512,Raro Palacete Art Déco,-22.9462947845459,-43.18512344360352,CULTURAL
overture:Reino do Brasil:-22.90000:-43.23333,Reino do Brasil,-22.90000343322754,-43.23333358764648,NOISE
overture:Relógio de Sol:-22.97040:-43.22451,Relógio de Sol,-22.970399856567383,-43.22451019287109,CULTURAL
overture:Relógio do Cacuia:-22.81206:-43.19179,Relógio do Cacuia,-22.812061309814453,-43.19178771972656,CULTURAL
overture:Represa do Ciganos:-22.92835:-43.29929,Represa do Ciganos,-22.9283504486084,-43.29928588867188,NATURAL
overture:Reserva Marapendi:-23.02057:-43.46424,Reserva Marapendi,-23.02057266235352,-43.46424102783203,NATURAL
overture:Reserva Mirataia:-22.93734:-43.36237,Reserva Mirataia,-22.93734359741211,-43.36237335205078,NATURAL
overture:Reserva Natura Camorim:-22.96956:-43.41856,Reserva Natura Camorim,-22.96956443786621,-43.41856384277344,NATURAL
overture:Reserva dos Pássaros:-22.94254:-43.33286,Reserva dos Pássaros,-22.942535400390625,-43.33285903930664,NATURAL
overture:Reservatorio do Morro do Ingles:-22.94438:-43.20243,Reservatorio do Morro do Ingles,-22.944381713867188,-43.20243453979492,NATURAL
overture:Restinga de Maricá:-22.91272:-43.20646,Restinga de Maricá,-22.9127197265625,-43.20646286010742,NATURAL
overture:Retiro da Serra:-22.81732:-43.30550,Retiro da Serra,-22.817323684692383,-43.30549621582031,NOISE
overture:Rio Andaraí:-22.92802:-43.25354,Rio Andaraí,-22.92802047729492,-43.253536224365234,NATURAL
overture:Rio Cabuçu Mirim:-22.91534:-43.55038,Rio Cabuçu Mirim,-22.915340423583984,-43.55038070678711,NATURAL
overture:Rio Cantagalo:-22.93671:-43.64215,Rio Cantagalo,-22.936710357666016,-43.64215087890625,NATURAL
overture:Rio Fortaleza:-22.92473:-43.30262,Rio Fortaleza,-22.92473030090332,-43.3026237487793,NATURAL
overture:Rio Itapuca:-23.03664:-43.55788,Rio Itapuca,-23.036640167236328,-43.55787658691406,NATURAL
overture:Rio Lucas:-22.81032:-43.29016,Rio Lucas,-22.810321807861328,-43.2901611328125,NATURAL
overture:Rio Nunes:-22.84915:-43.27156,Rio Nunes,-22.84915351867676,-43.27156066894531,NATURAL
overture:Rio Oceane:-22.86724:-43.56141,Rio Oceane,-22.86723518371582,-43.5614128112793,NATURAL
overture:Rio Sanatório:-22.85353:-43.35234,Rio Sanatório,-22.853530883789062,-43.35234069824219,NATURAL
overture:Rio São João de Meriti:-22.80155:-43.27391,Rio São João de Meriti,-22.801551818847656,-43.27390670776367,NATURAL
overture:Rio da Toca:-22.97475:-43.49572,Rio da Toca,-22.974750518798828,-43.495723724365234,NATURAL
overture:Rio do Açude:-22.96966:-43.28371,Rio do Açude,-22.96966361999512,-43.28371047973633,NATURAL
overture:Rio do Portinho:-23.04287:-43.57654,Rio do Portinho,-23.04287338256836,-43.576541900634766,NATURAL
overture:Rodoviária novo rio:-22.89869:-43.20827,Rodoviária novo rio,-22.8986930847168,-43.208274841308594,NOISE
overture:Rosário Fusco:-22.83445:-43.28806,Rosário Fusco,-22.83444595336914,-43.28805923461914,NOISE
overture:Sambódromo:-22.96419:-43.17361,Sambódromo,-22.964191436767575,-43.173606872558594,CULTURAL
overture:Santo Antônio da Prata:-22.76011:-43.40805,Santo Antônio da Prata,-22.76011276245117,-43.40804672241211,CULTURAL
overture:Santos Apóstolos:-22.90354:-43.11599,Santos Apóstolos,-22.90354347229004,-43.11598587036133,CULTURAL
overture:Sapo de Camará:-22.88437:-43.48724,Sapo de Camará,-22.884366989135746,-43.48723983764648,NATURAL
overture:Sapucaia:-22.90455:-43.19891,Sapucaia,-22.90454864501953,-43.19891357421875,CULTURAL
overture:Selaron Steps:-22.91553:-43.17966,Selaron Steps,-22.9155330657959,-43.17965698242188,CULTURAL
overture:Selva de Pedra:-22.98031:-43.21968,Selva de Pedra,-22.980314254760746,-43.21967697143555,NOISE
overture:Selvinha Bangu:-22.86323:-43.45798,Selvinha Bangu,-22.86322593688965,-43.45797729492188,NOISE
overture:Serra Grande-Santa Cruz Rj:-22.94054:-43.68299,Serra Grande-Santa Cruz Rj,-22.94053649902344,-43.68299102783203,NATURAL
overture:Serra do Grumari:-23.03345:-43.53566,Serra do Grumari,-23.0334529876709,-43.5356559753418,NATURAL
overture:Serra do Marapicu:-22.83246:-43.57906,Serra do Marapicu,-22.832460403442383,-43.579063415527344,NATURAL
overture:Serra do Vulcão / Serra Volcano:-22.85594:-43.45192,Serra do Vulcão / Serra Volcano,-22.855937957763672,-43.45192337036133,NATURAL
overture:Set Tom Jobim:-22.85189:-43.47499,Set Tom Jobim,-22.85188865661621,-43.47499084472656,NOISE
overture:Setor dos aliados:-22.87211:-43.36197,Setor dos aliados,-22.872108459472656,-43.36196517944336,NOISE
overture:Solar Belmonte:-22.95303:-43.18372,Solar Belmonte,-22.95302963256836,-43.1837158203125,CULTURAL
overture:Solar Clovis Bevilaqua:-22.92904:-43.23617,Solar Clovis Bevilaqua,-22.92904090881348,-43.23617172241211,CULTURAL
overture:Solar Príncipe João:-22.98317:-43.20773,Solar Príncipe João,-22.9831657409668,-43.20773315429688,CULTURAL
overture:Solar da Vila:-22.91721:-43.24416,Solar da Vila,-22.917207717895508,-43.2441635131836,CULTURAL
overture:Solar do Grajau':-22.91786:-43.26098,Solar do Grajau',-22.91786003112793,-43.26098251342773,CULTURAL
"overture:Sugar Loaf, Rio de Janeiro:-22.93300:-43.18311","Sugar Loaf, Rio de Janeiro",-22.93299674987793,-43.18310928344727,NATURAL
overture:Tancredo Martins Costa:-22.91287:-43.30024,Tancredo Martins Costa,-22.912872314453125,-43.30023956298828,NOISE
overture:Terraço Panorâmico:-22.91414:-43.16709,Terraço Panorâmico,-22.914140701293945,-43.167091369628906,NATURAL
overture:Tijolinho:-22.92196:-43.25212,Tijolinho,-22.921955108642575,-43.25212097167969,NOISE
overture:Torre Niemeyer:-23.00208:-43.32827,Torre Niemeyer,-23.00208282470703,-43.328269958496094,CULTURAL
overture:Trilha Morro da Babilônia -RJ:-22.94415:-43.38671,Trilha Morro da Babilônia -RJ,-22.944150924682617,-43.38671112060547,NATURAL
overture:Trilha da Pedra da Gavea:-23.00149:-43.30536,Trilha da Pedra da Gavea,-23.001487731933597,-43.30535888671875,NATURAL
overture:Viaduto Paulo De Frontin:-22.91563:-43.21008,Viaduto Paulo De Frontin,-22.91563034057617,-43.2100830078125,CULTURAL
overture:Viaduto de Todos os Santos:-22.89716:-43.28592,Viaduto de Todos os Santos,-22.897159576416016,-43.28591537475586,CULTURAL
overture:Vila Militar Dos Afonsos:-22.88626:-43.38008,Vila Militar Dos Afonsos,-22.88625717163086,-43.38007736206055,CULTURAL
overture:Vila Pan-Americana:-22.97304:-43.35803,Vila Pan-Americana,-22.97303581237793,-43.3580322265625,NOISE
overture:Vila do Pan:-22.97112:-43.35834,Vila do Pan,-22.97111701965332,-43.358341217041016,NOISE
overture:Vinlanda:-22.94279:-43.18159,Vinlanda,-22.94278717041016,-43.18159484863281,NOISE
overture:Visao do Morro:-22.77412:-43.43545,Visao do Morro,-22.774118423461918,-43.43545150756836,NATURAL
overture:Visto do Museu do Artes Comtemporary:-22.90372:-43.11696,Visto do Museu do Artes Comtemporary,-22.903715133666992,-43.11695861816406,CULTURAL
overture:complexo do orelha:-22.90834:-43.28859,complexo do orelha,-22.90833854675293,-43.28858947753906,NOISE
overture:paz de gandhi:-22.76870:-43.42830,paz de gandhi,-22.76870346069336,-43.42829895019531,NOISE
overture:Álvares de Azevedo:-22.90441:-43.10935,Álvares de Azevedo,-22.9044132232666,-43.10934829711914,NOISE
overture:Éden:-22.79090:-43.39051,Éden,-22.790903091430664,-43.390506744384766,NOISE
